Number,ID,Fitness,Runtime,Preprocessed,Result
1,"1,015,070",0.000000,0.024096,100/100 (100.00%),"[1. 0. 0. 0. 0. 1. 1. 0. 1. 0. 1. 0. 0. 0. 1. 0. 0. 0. 1. 0. 0. 1. 1. 0.
 1. 0. 1. 1. 0. 1. 1. 0. 0. 1. 0. 1. 0. 0. 0. 1. 1. 0. 0. 1. 0. 1. 0. 1.
 1. 0. 0. 1. 1. 0. 1. 0. 0. 0. 0. 1. 1. 0. 0. 0. 1. 0. 0. 1. 0. 1. 1. 0.
 1. 0. 0. 1. 0. 1. 0. 0. 0. 0. 1. 0. 0. 1. 0. 0. 1. 1. 1. 1. 0. 1. 1. 0.
 1. 1. 0. 0.]"
2,"1,023,634",0.000000,0.017752,100/100 (100.00%),"[0. 0. 0. 0. 1. 0. 1. 1. 0. 0. 1. 0. 0. 0. 1. 0. 0. 0. 1. 1. 1. 0. 1. 1.
 0. 1. 1. 0. 0. 0. 0. 0. 0. 0. 1. 0. 0. 0. 1. 1. 0. 1. 1. 0. 1. 0. 0. 0.
 0. 0. 0. 0. 0. 0. 0. 0. 1. 1. 0. 1. 1. 1. 0. 1. 0. 1. 0. 0. 0. 1. 0. 0.
 0. 1. 0. 1. 0. 1. 1. 0. 1. 0. 1. 0. 1. 0. 0. 0. 0. 1. 1. 0. 1. 0. 1. 0.
 1. 1. 0. 1.]"
3,"1,037,569",0.000000,0.015633,100/100 (100.00%),"[0. 0. 0. 0. 0. 0. 0. 0. 1. 1. 1. 0. 1. 0. 1. 0. 1. 1. 0. 0. 1. 0. 1. 0.
 1. 0. 0. 0. 1. 1. 0. 1. 0. 1. 0. 0. 1. 1. 0. 0. 0. 1. 0. 1. 0. 0. 0. 0.
 1. 1. 1. 0. 1. 0. 1. 0. 1. 1. 0. 0. 1. 0. 1. 0. 1. 0. 0. 0. 1. 1. 0. 0.
 0. 0. 0. 1. 1. 0. 0. 0. 1. 0. 1. 0. 1. 0. 0. 0. 0. 1. 1. 0. 1. 0. 1. 0.
 1. 1. 0. 1.]"
4,"1,068,380",0.000000,0.031635,100/100 (100.00%),"[0. 0. 0. 0. 1. 0. 1. 1. 0. 1. 1. 1. 0. 0. 1. 0. 0. 0. 0. 1. 0. 0. 1. 1.
 0. 0. 0. 1. 1. 0. 1. 0. 0. 0. 1. 0. 1. 0. 0. 0. 1. 0. 0. 0. 1. 0. 1. 0.
 0. 0. 0. 1. 1. 0. 0. 0. 0. 0. 1. 1. 1. 0. 0. 0. 1. 0. 1. 1. 0. 0. 1. 0.
 1. 0. 1. 0. 0. 0. 1. 1. 0. 0. 1. 0. 0. 0. 1. 1. 0. 0. 1. 1. 0. 1. 1. 0.
 0. 0. 1. 1.]"
5,"1,069,118",0.000000,0.031255,100/100 (100.00%),"[1. 0. 1. 0. 1. 0. 0. 0. 1. 0. 1. 0. 1. 0. 1. 0. 0. 0. 1. 0. 0. 1. 0. 1.
 0. 0. 1. 1. 0. 1. 0. 1. 0. 1. 0. 1. 0. 0. 0. 1. 0. 0. 0. 0. 0. 1. 0. 1.
 1. 0. 0. 1. 0. 0. 1. 0. 1. 0. 0. 1. 0. 1. 0. 0. 1. 0. 1. 0. 0. 1. 1. 0.
 1. 1. 0. 0. 0. 1. 1. 0. 1. 0. 0. 0. 1. 0. 1. 0. 0. 1. 0. 1. 1. 0. 1. 0.
 1. 0. 0. 1.]"
6,"1,072,350",0.000000,0.031250,100/100 (100.00%),"[1. 0. 1. 1. 0. 1. 0. 1. 1. 0. 1. 0. 0. 0. 0. 1. 0. 0. 0. 1. 0. 1. 1. 0.
 0. 0. 1. 1. 0. 1. 1. 0. 0. 1. 0. 1. 0. 0. 0. 0. 1. 0. 0. 1. 0. 1. 0. 1.
 1. 0. 0. 1. 1. 0. 0. 0. 0. 0. 0. 1. 1. 0. 0. 0. 0. 1. 0. 1. 0. 1. 1. 0.
 1. 0. 0. 1. 0. 1. 0. 0. 0. 0. 1. 0. 0. 0. 1. 0. 1. 1. 1. 1. 0. 1. 1. 0.
 1. 0. 0. 0.]"
7,"1,086,435",0.000000,0.015626,100/100 (100.00%),"[0. 0. 0. 0. 0. 0. 1. 1. 0. 0. 1. 0. 0. 1. 1. 0. 0. 0. 1. 0. 1. 0. 1. 0.
 0. 1. 1. 0. 1. 0. 0. 0. 1. 0. 1. 0. 0. 1. 0. 1. 1. 1. 0. 0. 1. 0. 0. 1.
 0. 1. 0. 0. 1. 1. 0. 0. 1. 0. 1. 0. 1. 1. 0. 0. 0. 0. 1. 0. 1. 0. 0. 0.
 0. 1. 1. 0. 0. 1. 0. 1. 0. 1. 1. 0. 0. 0. 0. 1. 0. 1. 0. 0. 0. 1. 1. 0.
 0. 0. 0. 0.]"
8,"1,099,574",0.000000,0.015005,100/100 (100.00%),"[1. 0. 0. 1. 1. 0. 1. 1. 0. 1. 1. 0. 0. 0. 0. 0. 0. 0. 0. 1. 0. 1. 1. 0.
 0. 0. 0. 1. 1. 0. 1. 0. 0. 0. 0. 1. 1. 0. 0. 1. 1. 0. 1. 1. 0. 0. 0. 0.
 0. 1. 0. 1. 0. 0. 0. 1. 0. 1. 1. 0. 0. 1. 0. 1. 0. 1. 0. 0. 0. 1. 1. 0.
 0. 1. 0. 0. 1. 1. 0. 1. 1. 0. 0. 0. 0. 1. 0. 0. 1. 0. 0. 1. 1. 0. 0. 1.
 0. 0. 1. 0.]"
9,"1,113,039",0.000000,0.024644,100/100 (100.00%),"[0. 1. 0. 1. 0. 1. 0. 0. 0. 1. 0. 1. 0. 1. 0. 1. 0. 1. 0. 1. 1. 0. 1. 0.
 0. 0. 0. 1. 0. 0. 1. 0. 1. 0. 0. 1. 1. 0. 1. 1. 0. 0. 0. 1. 1. 0. 0. 0.
 0. 0. 1. 0. 0. 0. 0. 1. 1. 0. 0. 1. 1. 0. 0. 1. 1. 0. 0. 0. 0. 1. 0. 1.
 1. 0. 0. 0. 0. 1. 1. 0. 1. 0. 0. 0. 0. 0. 1. 0. 0. 1. 1. 0. 1. 1. 0. 0.
 1. 0. 0. 1.]"
10,"1,131,721",0.000000,0.018717,100/100 (100.00%),"[1. 1. 0. 1. 0. 0. 1. 0. 0. 1. 0. 0. 0. 1. 0. 0. 1. 0. 0. 1. 0. 1. 1. 0.
 0. 1. 0. 1. 1. 0. 0. 0. 0. 1. 0. 1. 0. 0. 0. 1. 1. 1. 0. 1. 0. 0. 1. 1.
 0. 1. 0. 0. 1. 0. 0. 1. 0. 0. 0. 0. 0. 0. 1. 0. 0. 1. 0. 0. 0. 0. 1. 1.
 0. 1. 0. 0. 0. 1. 1. 0. 0. 0. 0. 1. 0. 1. 0. 0. 0. 1. 1. 1. 0. 0. 0. 1.
 0. 0. 0. 1.]"
11,"1,132,797",0.000000,0.031660,100/100 (100.00%),"[0. 0. 1. 0. 1. 0. 0. 0. 0. 1. 0. 0. 1. 0. 1. 0. 1. 0. 0. 1. 1. 1. 0. 1.
 0. 0. 1. 0. 0. 0. 0. 0. 0. 1. 0. 1. 0. 1. 1. 0. 0. 1. 1. 0. 0. 1. 0. 0.
 0. 0. 1. 0. 0. 1. 1. 0. 0. 1. 1. 0. 1. 0. 1. 0. 0. 1. 1. 0. 0. 1. 0. 0.
 1. 0. 1. 0. 0. 1. 0. 1. 1. 1. 0. 0. 1. 0. 0. 1. 0. 0. 0. 0. 1. 1. 0. 1.
 1. 0. 1. 1.]"
12,"1,146,550",0.000000,0.015645,100/100 (100.00%),"[0. 1. 1. 0. 1. 0. 1. 0. 0. 1. 1. 0. 0. 0. 1. 0. 1. 0. 0. 1. 1. 0. 1. 1.
 0. 1. 0. 1. 1. 0. 0. 1. 0. 0. 0. 1. 0. 0. 0. 1. 0. 1. 0. 1. 1. 0. 1. 1.
 0. 1. 1. 0. 1. 0. 0. 1. 0. 0. 0. 0. 1. 0. 1. 0. 0. 1. 0. 0. 1. 1. 0. 0.
 0. 1. 1. 0. 1. 1. 0. 0. 1. 0. 1. 0. 0. 1. 0. 0. 1. 1. 1. 0. 1. 0. 0. 1.
 0. 0. 0. 0.]"
13,"1,181,790",0.000000,0.015633,100/100 (100.00%),"[0. 1. 1. 0. 0. 1. 1. 0. 1. 1. 0. 0. 0. 1. 1. 0. 0. 0. 0. 0. 1. 0. 1. 0.
 0. 1. 0. 1. 1. 0. 1. 0. 1. 0. 0. 1. 0. 0. 0. 1. 0. 0. 0. 1. 1. 0. 1. 1.
 0. 1. 0. 1. 1. 0. 0. 1. 0. 0. 1. 0. 0. 0. 0. 1. 0. 1. 0. 0. 1. 0. 0. 0.
 0. 1. 0. 0. 1. 1. 0. 1. 1. 0. 0. 0. 0. 1. 0. 0. 0. 1. 1. 0. 1. 1. 0. 1.
 0. 0. 0. 0.]"
14,"1,186,402",0.000000,0.031250,100/100 (100.00%),"[0. 0. 0. 0. 1. 0. 1. 0. 1. 1. 1. 1. 0. 0. 1. 0. 1. 0. 0. 0. 0. 0. 1. 1.
 0. 0. 0. 0. 1. 1. 1. 1. 0. 0. 0. 0. 1. 1. 0. 0. 0. 0. 0. 1. 1. 0. 0. 0.
 1. 1. 0. 1. 1. 0. 0. 1. 1. 0. 0. 0. 1. 0. 0. 0. 1. 0. 0. 1. 0. 1. 1. 0.
 1. 0. 1. 0. 0. 1. 0. 1. 0. 0. 1. 0. 0. 0. 1. 0. 1. 0. 1. 1. 0. 1. 1. 0.
 1. 0. 1. 0.]"
15,"1,213,178",0.000000,0.021525,100/100 (100.00%),"[1. 0. 1. 0. 1. 0. 1. 0. 1. 0. 1. 0. 1. 0. 1. 0. 1. 0. 1. 0. 0. 1. 0. 1.
 0. 1. 0. 1. 0. 1. 0. 1. 0. 1. 0. 1. 0. 1. 0. 1. 0. 0. 0. 0. 0. 0. 0. 0.
 0. 0. 0. 0. 0. 0. 0. 1. 1. 0. 1. 1. 0. 1. 0. 1. 0. 0. 0. 1. 0. 0. 0. 1.
 0. 1. 0. 0. 0. 1. 0. 0. 1. 0. 1. 0. 1. 0. 1. 0. 1. 0. 1. 0. 1. 0. 1. 0.
 1. 0. 1. 0.]"
16,"1,299,782",0.000000,0.031520,100/100 (100.00%),"[0. 0. 0. 0. 0. 1. 1. 0. 1. 0. 1. 0. 0. 1. 1. 0. 0. 0. 1. 0. 1. 0. 1. 0.
 0. 1. 1. 0. 0. 1. 0. 0. 1. 0. 1. 0. 0. 1. 0. 1. 1. 1. 0. 0. 1. 0. 0. 1.
 0. 0. 0. 0. 1. 1. 0. 1. 1. 0. 1. 1. 1. 1. 0. 0. 1. 0. 0. 1. 0. 0. 0. 0.
 1. 0. 1. 0. 0. 1. 0. 1. 1. 0. 1. 0. 0. 1. 1. 0. 0. 1. 1. 0. 0. 1. 1. 0.
 0. 1. 1. 0.]"
17,"1,302,295",0.000000,0.023809,100/100 (100.00%),"[1. 0. 1. 0. 1. 0. 1. 0. 1. 1. 1. 0. 1. 0. 1. 0. 1. 0. 0. 0. 0. 1. 0. 0.
 0. 0. 0. 0. 1. 1. 0. 1. 0. 0. 1. 0. 1. 1. 0. 0. 0. 0. 0. 0. 1. 0. 0. 0.
 0. 0. 1. 1. 0. 0. 0. 0. 1. 0. 0. 1. 0. 0. 1. 1. 0. 0. 1. 0. 0. 1. 1. 1.
 0. 0. 0. 1. 0. 1. 1. 0. 0. 0. 1. 1. 0. 1. 0. 0. 0. 1. 1. 1. 0. 0. 0. 0.
 1. 1. 0. 1.]"
18,"1,357,982",0.000000,0.016340,100/100 (100.00%),"[1. 0. 0. 0. 1. 0. 0. 0. 0. 0. 1. 0. 1. 0. 1. 0. 0. 1. 1. 0. 0. 0. 1. 0.
 0. 1. 1. 0. 0. 0. 1. 1. 0. 1. 1. 0. 0. 0. 1. 1. 0. 0. 0. 0. 0. 1. 1. 0.
 0. 0. 1. 1. 0. 0. 1. 0. 0. 0. 1. 1. 0. 0. 0. 0. 1. 0. 1. 1. 0. 0. 1. 0.
 1. 1. 0. 0. 0. 0. 1. 1. 1. 0. 0. 0. 1. 0. 1. 1. 0. 0. 0. 1. 1. 0. 1. 0.
 0. 0. 1. 1.]"
19,"1,369,239",0.000000,0.015882,100/100 (100.00%),"[0. 0. 0. 0. 0. 0. 1. 1. 0. 1. 0. 1. 0. 1. 0. 1. 0. 0. 0. 1. 0. 1. 0. 1.
 0. 1. 0. 1. 1. 0. 1. 0. 1. 0. 1. 0. 1. 0. 0. 0. 1. 0. 1. 0. 1. 0. 1. 0.
 1. 1. 0. 0. 0. 1. 0. 1. 0. 1. 0. 0. 0. 0. 0. 1. 0. 1. 0. 1. 0. 1. 1. 1.
 0. 0. 0. 0. 0. 0. 0. 1. 0. 0. 1. 1. 0. 1. 0. 1. 1. 0. 1. 1. 0. 0. 0. 1.
 0. 0. 0. 0.]"
20,"1,394,826",0.000000,0.030994,100/100 (100.00%),"[0. 1. 0. 1. 0. 0. 0. 0. 1. 1. 0. 1. 0. 1. 0. 0. 1. 1. 0. 0. 1. 0. 1. 0.
 1. 0. 0. 0. 1. 1. 1. 0. 1. 0. 1. 0. 1. 1. 0. 0. 0. 0. 0. 0. 0. 0. 0. 0.
 1. 1. 0. 0. 0. 1. 1. 0. 0. 0. 0. 0. 0. 1. 1. 0. 0. 1. 1. 0. 1. 1. 1. 0.
 0. 1. 1. 0. 0. 1. 0. 0. 1. 0. 1. 0. 0. 1. 0. 1. 0. 1. 0. 0. 1. 0. 0. 1.
 0. 0. 0. 1.]"
21,"1,427,708",0.000000,0.033269,100/100 (100.00%),"[0. 0. 0. 0. 0. 1. 1. 0. 0. 0. 0. 0. 1. 0. 1. 0. 0. 0. 1. 1. 1. 0. 1. 0.
 1. 0. 1. 1. 0. 0. 1. 0. 0. 0. 0. 1. 0. 0. 0. 1. 0. 1. 1. 0. 0. 1. 0. 0.
 0. 1. 1. 0. 0. 1. 0. 0. 0. 1. 1. 0. 1. 0. 0. 1. 0. 1. 1. 0. 0. 1. 0. 1.
 1. 0. 1. 0. 0. 1. 0. 1. 1. 0. 0. 0. 1. 0. 0. 1. 0. 0. 1. 0. 1. 1. 0. 1.
 1. 0. 1. 1.]"
22,"1,448,905",0.000000,0.026865,100/100 (100.00%),"[0. 1. 1. 0. 1. 0. 1. 0. 0. 0. 1. 0. 0. 0. 1. 0. 1. 0. 0. 1. 1. 0. 1. 1.
 0. 1. 0. 1. 0. 1. 0. 0. 0. 0. 0. 1. 0. 1. 0. 0. 0. 0. 1. 1. 0. 0. 0. 0.
 1. 1. 0. 1. 0. 0. 0. 0. 1. 0. 0. 0. 0. 1. 0. 1. 1. 0. 1. 0. 1. 1. 0. 0.
 1. 0. 0. 1. 0. 1. 0. 0. 0. 0. 1. 0. 0. 1. 0. 1. 0. 1. 1. 1. 0. 1. 1. 0.
 0. 0. 0. 1.]"
23,"1,455,193",0.000000,0.015643,100/100 (100.00%),"[0. 0. 0. 1. 0. 1. 0. 1. 0. 0. 1. 0. 0. 1. 0. 1. 0. 1. 0. 1. 1. 0. 1. 0.
 1. 0. 1. 0. 0. 1. 0. 0. 1. 0. 1. 0. 1. 0. 1. 0. 1. 1. 0. 0. 0. 0. 0. 0.
 1. 0. 0. 0. 0. 0. 0. 0. 0. 1. 0. 1. 0. 1. 0. 1. 1. 0. 0. 1. 0. 1. 0. 1.
 0. 0. 0. 1. 1. 0. 0. 0. 1. 0. 1. 0. 1. 0. 0. 0. 1. 1. 1. 0. 1. 0. 1. 0.
 1. 1. 0. 0.]"
24,"1,493,249",0.000000,0.031250,100/100 (100.00%),"[0. 0. 0. 1. 1. 0. 1. 1. 0. 1. 0. 1. 1. 0. 0. 1. 0. 0. 0. 1. 1. 0. 0. 0.
 0. 1. 0. 1. 0. 0. 1. 0. 0. 1. 1. 0. 0. 1. 0. 0. 0. 1. 1. 0. 0. 1. 1. 0.
 1. 1. 1. 0. 0. 1. 1. 0. 0. 0. 0. 0. 1. 0. 1. 0. 0. 1. 1. 0. 1. 0. 0. 0.
 1. 0. 0. 0. 0. 0. 1. 0. 0. 0. 0. 0. 0. 1. 0. 1. 0. 1. 0. 1. 1. 0. 0. 1.
 0. 1. 0. 1.]"
25,"1,518,107",0.000000,0.024545,100/100 (100.00%),"[0. 0. 0. 0. 1. 0. 1. 1. 0. 0. 1. 0. 0. 0. 1. 0. 0. 0. 1. 1. 1. 0. 1. 1.
 0. 1. 1. 0. 0. 0. 0. 0. 0. 0. 1. 0. 0. 0. 1. 1. 0. 1. 1. 0. 1. 0. 0. 0.
 0. 0. 0. 0. 0. 0. 0. 0. 1. 1. 0. 1. 1. 1. 0. 1. 0. 1. 0. 0. 0. 1. 0. 0.
 0. 1. 0. 1. 0. 1. 1. 0. 1. 0. 1. 0. 1. 0. 0. 0. 0. 1. 1. 0. 1. 0. 1. 0.
 1. 1. 0. 1.]"
26,"1,562,382",0.000000,0.018363,100/100 (100.00%),"[1. 0. 0. 0. 1. 0. 1. 1. 0. 0. 1. 0. 1. 0. 1. 0. 0. 0. 0. 1. 0. 0. 1. 0.
 0. 1. 1. 0. 0. 1. 1. 1. 0. 1. 1. 0. 0. 1. 0. 0. 0. 0. 0. 0. 0. 0. 0. 1.
 0. 0. 1. 0. 1. 1. 0. 0. 1. 0. 1. 1. 1. 0. 0. 0. 1. 0. 1. 0. 0. 0. 0. 1.
 1. 0. 1. 0. 0. 1. 1. 0. 1. 0. 0. 1. 0. 1. 1. 0. 0. 0. 1. 0. 0. 1. 0. 0.
 0. 1. 1. 0.]"
27,"1,567,397",0.000000,0.031270,100/100 (100.00%),"[0. 0. 0. 0. 0. 0. 1. 0. 0. 0. 0. 1. 0. 1. 0. 0. 1. 0. 0. 1. 0. 1. 0. 1.
 0. 0. 0. 1. 0. 1. 1. 0. 1. 0. 0. 0. 0. 1. 0. 0. 1. 0. 1. 0. 0. 1. 1. 0.
 1. 1. 0. 0. 0. 1. 1. 0. 0. 1. 0. 0. 1. 1. 0. 0. 0. 1. 0. 1. 0. 0. 0. 0.
 0. 0. 0. 1. 0. 0. 1. 0. 1. 0. 1. 0. 1. 0. 1. 0. 1. 0. 1. 0. 1. 0. 1. 0.
 1. 0. 0. 0.]"
28,"1,572,068",0.000000,0.015626,100/100 (100.00%),"[0. 0. 0. 1. 1. 0. 1. 1. 0. 0. 1. 0. 1. 0. 0. 1. 0. 0. 1. 1. 1. 0. 1. 0.
 0. 1. 0. 1. 0. 0. 0. 1. 0. 1. 1. 0. 0. 1. 0. 1. 0. 1. 0. 0. 0. 1. 1. 0.
 0. 1. 0. 0. 0. 1. 1. 0. 0. 1. 1. 0. 1. 1. 0. 0. 0. 1. 1. 0. 0. 0. 0. 0.
 0. 1. 1. 0. 0. 1. 1. 0. 1. 0. 1. 0. 0. 1. 1. 0. 0. 1. 1. 0. 1. 0. 0. 0.
 0. 0. 0. 1.]"
29,"1,617,156",0.000000,0.015667,100/100 (100.00%),"[0. 0. 0. 1. 0. 0. 0. 1. 1. 0. 0. 1. 0. 1. 0. 1. 1. 0. 0. 0. 0. 1. 0. 0.
 1. 0. 0. 1. 1. 0. 1. 0. 1. 0. 1. 0. 0. 0. 0. 1. 1. 0. 1. 0. 0. 0. 1. 1.
 0. 1. 0. 1. 0. 1. 0. 1. 0. 0. 1. 0. 0. 1. 0. 1. 0. 1. 0. 0. 1. 0. 0. 0.
 0. 0. 0. 0. 1. 1. 0. 1. 1. 0. 0. 0. 0. 1. 0. 0. 0. 1. 1. 0. 1. 1. 0. 1.
 0. 0. 0. 0.]"
30,"1,623,762",0.000000,0.020146,100/100 (100.00%),"[1. 0. 1. 0. 1. 0. 1. 0. 1. 1. 1. 0. 1. 0. 1. 0. 1. 0. 0. 0. 0. 1. 0. 1.
 0. 1. 0. 0. 0. 1. 0. 1. 0. 1. 0. 1. 0. 1. 0. 1. 0. 0. 0. 0. 0. 0. 0. 1.
 0. 0. 1. 0. 1. 1. 0. 1. 1. 0. 1. 1. 1. 0. 0. 0. 0. 0. 0. 1. 0. 0. 0. 1.
 1. 0. 1. 0. 0. 1. 0. 1. 1. 0. 0. 0. 1. 0. 1. 0. 0. 1. 1. 0. 1. 1. 0. 0.
 1. 0. 0. 0.]"
31,"1,665,834",0.000000,0.031250,100/100 (100.00%),"[1. 0. 1. 1. 0. 1. 1. 0. 0. 0. 1. 0. 0. 0. 1. 0. 0. 1. 1. 0. 0. 1. 1. 0.
 1. 0. 1. 0. 0. 1. 0. 0. 0. 1. 0. 0. 1. 0. 0. 1. 1. 1. 0. 1. 0. 0. 0. 1.
 1. 0. 0. 0. 1. 0. 0. 1. 0. 0. 0. 0. 1. 0. 1. 0. 0. 1. 0. 0. 1. 1. 1. 0.
 0. 1. 1. 0. 1. 1. 0. 0. 0. 0. 0. 0. 0. 1. 0. 0. 0. 1. 0. 0. 1. 1. 0. 1.
 0. 0. 0. 1.]"
32,"1,679,128",0.000000,0.021916,100/100 (100.00%),"[0. 0. 0. 1. 0. 0. 0. 0. 1. 1. 1. 1. 0. 1. 0. 0. 1. 1. 0. 0. 0. 0. 1. 0.
 1. 1. 0. 0. 1. 1. 1. 0. 1. 0. 0. 0. 0. 1. 0. 0. 1. 0. 0. 1. 1. 0. 0. 1.
 0. 0. 0. 1. 1. 0. 0. 1. 1. 0. 1. 1. 1. 0. 0. 0. 1. 0. 0. 1. 0. 0. 1. 0.
 1. 0. 1. 0. 0. 1. 0. 1. 0. 0. 1. 0. 0. 1. 1. 0. 0. 1. 1. 1. 0. 1. 1. 0.
 0. 1. 1. 0.]"
33,"1,706,715",0.000000,0.025024,100/100 (100.00%),"[1. 0. 1. 0. 1. 0. 1. 0. 1. 1. 1. 0. 1. 0. 1. 0. 1. 0. 0. 0. 0. 1. 0. 0.
 0. 0. 0. 0. 1. 1. 0. 1. 0. 0. 1. 0. 1. 1. 0. 0. 0. 0. 0. 0. 1. 0. 0. 0.
 0. 0. 1. 1. 0. 0. 0. 0. 1. 0. 0. 1. 0. 0. 1. 1. 0. 0. 1. 0. 0. 1. 1. 1.
 0. 0. 0. 1. 0. 1. 1. 0. 0. 0. 1. 1. 0. 1. 0. 0. 0. 1. 1. 1. 0. 0. 0. 0.
 1. 1. 0. 1.]"
34,"1,719,959",0.000000,0.015894,100/100 (100.00%),"[0. 0. 0. 0. 1. 0. 0. 0. 1. 1. 1. 0. 0. 0. 1. 0. 1. 1. 0. 0. 1. 0. 1. 1.
 0. 0. 0. 0. 1. 1. 0. 0. 0. 0. 1. 0. 1. 1. 0. 0. 1. 1. 0. 0. 1. 0. 0. 0.
 1. 1. 0. 0. 1. 1. 0. 1. 1. 0. 0. 0. 1. 0. 0. 0. 1. 0. 0. 1. 1. 0. 1. 0.
 1. 0. 1. 0. 1. 0. 0. 1. 0. 0. 1. 0. 0. 0. 1. 0. 0. 1. 1. 1. 0. 1. 1. 0.
 0. 1. 1. 0.]"
35,"1,738,783",0.000000,0.030985,100/100 (100.00%),"[0. 1. 1. 0. 0. 1. 1. 0. 1. 0. 0. 0. 0. 1. 1. 0. 0. 0. 1. 0. 0. 1. 1. 0.
 0. 1. 1. 0. 0. 0. 1. 0. 0. 1. 1. 0. 0. 1. 1. 0. 1. 0. 0. 0. 0. 1. 1. 0.
 0. 0. 0. 1. 1. 0. 1. 0. 0. 0. 0. 0. 1. 0. 0. 0. 1. 0. 0. 0. 1. 0. 1. 0.
 1. 0. 0. 1. 0. 0. 1. 0. 0. 0. 1. 0. 0. 1. 0. 1. 0. 1. 1. 1. 0. 1. 1. 0.
 0. 1. 0. 1.]"
36,"1,753,652",0.000000,0.021161,100/100 (100.00%),"[1. 0. 1. 0. 1. 0. 1. 1. 0. 0. 1. 0. 1. 0. 1. 0. 0. 0. 1. 1. 0. 1. 0. 1.
 0. 1. 1. 0. 0. 0. 0. 1. 0. 1. 0. 0. 0. 1. 1. 0. 0. 0. 0. 0. 0. 1. 1. 0.
 0. 0. 0. 0. 0. 1. 1. 0. 0. 1. 1. 0. 0. 1. 1. 0. 0. 1. 1. 0. 0. 1. 0. 0.
 0. 1. 1. 0. 0. 0. 0. 1. 0. 1. 1. 0. 0. 1. 1. 0. 0. 0. 0. 0. 0. 1. 1. 0.
 0. 1. 1. 0.]"
37,"1,784,444",0.000000,0.015625,100/100 (100.00%),"[1. 0. 1. 0. 1. 0. 1. 1. 0. 1. 1. 0. 1. 0. 1. 0. 0. 0. 0. 1. 0. 1. 0. 1.
 0. 1. 0. 1. 1. 0. 0. 1. 0. 1. 0. 1. 0. 0. 0. 1. 0. 0. 0. 0. 0. 0. 1. 1.
 0. 1. 1. 1. 0. 1. 1. 0. 0. 0. 0. 0. 0. 0. 0. 0. 0. 0. 0. 1. 0. 1. 1. 1.
 0. 1. 1. 0. 0. 1. 0. 1. 0. 0. 0. 0. 0. 1. 1. 0. 0. 0. 1. 1. 0. 1. 1. 0.
 0. 1. 1. 0.]"
38,"1,787,648",0.000000,0.014016,100/100 (100.00%),"[0. 0. 0. 1. 0. 0. 1. 1. 0. 1. 1. 0. 0. 1. 0. 0. 0. 0. 0. 1. 1. 0. 1. 0.
 0. 1. 0. 1. 1. 0. 0. 0. 1. 0. 0. 1. 0. 0. 0. 1. 1. 1. 0. 1. 1. 0. 1. 1.
 0. 1. 0. 0. 1. 0. 0. 1. 0. 0. 0. 0. 1. 0. 1. 0. 0. 1. 0. 0. 1. 1. 1. 0.
 0. 1. 1. 0. 1. 1. 0. 0. 0. 0. 0. 0. 0. 1. 0. 0. 1. 1. 0. 0. 1. 1. 0. 1.
 0. 0. 0. 0.]"
39,"1,796,252",0.000000,0.031167,100/100 (100.00%),"[0. 1. 1. 0. 0. 0. 0. 0. 0. 1. 1. 0. 0. 0. 0. 1. 0. 1. 0. 1. 1. 0. 1. 1.
 0. 1. 0. 1. 0. 0. 0. 1. 0. 0. 1. 0. 0. 0. 1. 1. 0. 1. 0. 0. 1. 0. 1. 1.
 0. 0. 1. 0. 0. 1. 0. 1. 0. 0. 0. 0. 1. 0. 0. 1. 0. 1. 0. 0. 1. 1. 0. 1.
 1. 0. 0. 0. 1. 1. 0. 0. 1. 0. 0. 0. 0. 1. 0. 0. 1. 1. 1. 0. 1. 1. 0. 1.
 0. 0. 0. 0.]"
40,"1,805,877",0.000000,0.031895,100/100 (100.00%),"[1. 1. 0. 1. 1. 0. 0. 1. 1. 0. 0. 0. 1. 0. 0. 1. 0. 0. 0. 1. 1. 0. 1. 0.
 0. 1. 0. 1. 0. 1. 1. 0. 0. 1. 1. 0. 0. 1. 0. 0. 0. 1. 1. 0. 0. 1. 1. 0.
 1. 1. 0. 0. 0. 1. 1. 0. 0. 0. 0. 0. 0. 1. 1. 0. 0. 0. 1. 0. 1. 1. 0. 0.
 0. 1. 1. 0. 1. 0. 0. 0. 1. 0. 1. 0. 0. 0. 0. 1. 0. 1. 1. 0. 1. 0. 1. 1.
 0. 1. 0. 1.]"
41,"1,821,011",0.000000,0.023446,100/100 (100.00%),"[1. 1. 0. 1. 1. 0. 0. 0. 1. 1. 0. 0. 1. 0. 0. 1. 1. 0. 0. 0. 1. 0. 1. 0.
 0. 0. 0. 1. 0. 1. 1. 0. 0. 1. 1. 0. 0. 1. 0. 1. 0. 1. 1. 0. 0. 1. 1. 0.
 0. 0. 0. 0. 0. 1. 1. 0. 0. 1. 1. 0. 0. 1. 1. 0. 0. 0. 1. 0. 0. 0. 0. 0.
 0. 1. 1. 0. 1. 0. 0. 0. 1. 0. 0. 0. 0. 1. 0. 1. 0. 1. 1. 0. 1. 1. 0. 1.
 0. 1. 0. 1.]"
42,"1,825,963",0.000000,0.031570,100/100 (100.00%),"[1. 0. 1. 1. 0. 0. 1. 1. 0. 1. 1. 0. 0. 0. 1. 0. 0. 0. 0. 1. 0. 1. 1. 0.
 1. 0. 0. 1. 1. 0. 1. 0. 0. 1. 0. 1. 0. 0. 0. 1. 1. 0. 0. 1. 0. 1. 0. 0.
 0. 1. 0. 0. 0. 0. 1. 0. 0. 1. 1. 0. 1. 1. 0. 0. 1. 0. 1. 0. 0. 0. 0. 0.
 1. 1. 0. 0. 1. 0. 1. 1. 1. 1. 0. 0. 0. 1. 0. 1. 0. 0. 0. 0. 1. 1. 0. 1.
 0. 1. 0. 0.]"
43,"1,833,267",0.000000,0.013928,100/100 (100.00%),"[0. 1. 1. 0. 0. 1. 1. 0. 1. 1. 1. 0. 0. 1. 1. 0. 0. 1. 0. 0. 1. 0. 1. 0.
 0. 1. 0. 1. 0. 1. 0. 0. 1. 0. 0. 1. 0. 0. 0. 1. 1. 1. 0. 1. 1. 0. 1. 1.
 0. 0. 0. 0. 1. 0. 0. 0. 0. 0. 1. 0. 1. 0. 1. 0. 0. 1. 1. 0. 1. 0. 1. 0.
 0. 0. 0. 0. 0. 1. 0. 1. 0. 0. 1. 1. 0. 1. 0. 1. 0. 1. 1. 1. 0. 0. 0. 1.
 0. 0. 0. 0.]"
44,"1,855,244",0.000000,0.017281,100/100 (100.00%),"[0. 1. 1. 0. 0. 1. 1. 0. 1. 1. 0. 0. 0. 1. 1. 0. 0. 0. 0. 0. 1. 0. 1. 0.
 0. 1. 0. 1. 1. 0. 1. 0. 1. 0. 0. 1. 0. 0. 0. 1. 0. 0. 0. 1. 1. 0. 1. 1.
 0. 1. 0. 1. 1. 0. 0. 1. 0. 0. 1. 0. 0. 0. 0. 1. 0. 1. 0. 0. 1. 0. 0. 0.
 0. 1. 0. 0. 1. 1. 0. 1. 1. 0. 0. 0. 0. 1. 0. 0. 0. 1. 1. 0. 1. 1. 0. 1.
 0. 0. 0. 0.]"
45,"1,864,739",0.000000,0.029663,100/100 (100.00%),"[1. 0. 1. 0. 0. 1. 0. 1. 0. 0. 1. 0. 1. 0. 0. 1. 0. 1. 0. 0. 0. 1. 0. 0.
 0. 0. 1. 0. 1. 1. 0. 1. 0. 1. 0. 0. 1. 0. 0. 0. 0. 0. 0. 1. 0. 0. 0. 1.
 1. 0. 0. 0. 0. 0. 0. 1. 1. 0. 0. 1. 0. 1. 0. 1. 1. 0. 0. 1. 0. 1. 0. 1.
 0. 0. 0. 1. 0. 1. 0. 0. 1. 0. 1. 1. 0. 1. 0. 0. 1. 1. 1. 0. 0. 0. 0. 0.
 0. 0. 0. 0.]"
46,"1,894,035",0.000000,0.031660,100/100 (100.00%),"[1. 0. 0. 0. 1. 0. 1. 0. 0. 1. 1. 0. 1. 0. 1. 0. 1. 0. 0. 1. 0. 0. 1. 0.
 0. 0. 0. 1. 1. 0. 0. 1. 0. 1. 1. 0. 0. 0. 0. 1. 0. 1. 0. 0. 0. 0. 0. 0.
 0. 1. 0. 0. 0. 1. 1. 0. 1. 0. 0. 0. 0. 1. 0. 0. 0. 0. 1. 0. 1. 0. 0. 1.
 0. 1. 1. 0. 0. 0. 1. 0. 1. 0. 1. 0. 0. 1. 0. 1. 0. 1. 1. 0. 1. 0. 0. 1.
 0. 1. 0. 1.]"
47,"1,911,165",0.000000,0.011018,100/100 (100.00%),"[0. 0. 0. 0. 0. 0. 0. 1. 0. 1. 1. 1. 0. 1. 0. 1. 0. 1. 0. 1. 0. 0. 0. 1.
 0. 1. 0. 0. 0. 0. 0. 1. 0. 0. 1. 0. 1. 1. 0. 0. 0. 1. 0. 0. 1. 0. 0. 0.
 0. 0. 1. 0. 1. 1. 0. 1. 1. 0. 1. 1. 1. 0. 0. 0. 1. 0. 0. 1. 0. 0. 0. 1.
 1. 0. 1. 0. 0. 1. 0. 1. 1. 0. 0. 0. 0. 1. 0. 0. 0. 1. 1. 0. 1. 1. 0. 1.
 0. 1. 1. 0.]"
48,"1,920,721",0.000000,0.015881,100/100 (100.00%),"[1. 0. 1. 1. 0. 1. 1. 0. 1. 1. 1. 0. 0. 0. 1. 0. 0. 1. 0. 0. 0. 0. 1. 0.
 1. 0. 0. 1. 0. 1. 0. 0. 1. 0. 0. 1. 0. 0. 0. 1. 1. 1. 0. 0. 0. 1. 0. 1.
 1. 0. 0. 0. 0. 1. 1. 0. 1. 0. 0. 1. 0. 1. 1. 0. 0. 0. 1. 0. 0. 1. 0. 0.
 0. 1. 1. 0. 0. 1. 1. 0. 0. 1. 1. 0. 0. 1. 0. 0. 0. 1. 0. 0. 0. 0. 0. 1.
 0. 0. 0. 1.]"
49,"1,922,626",0.000000,0.026133,100/100 (100.00%),"[1. 0. 1. 1. 0. 1. 1. 0. 1. 1. 1. 0. 0. 0. 1. 0. 0. 1. 0. 0. 0. 1. 1. 0.
 1. 0. 0. 1. 0. 1. 0. 0. 0. 1. 0. 1. 1. 0. 0. 1. 1. 1. 0. 1. 0. 0. 0. 1.
 1. 0. 0. 0. 0. 0. 0. 1. 1. 0. 0. 1. 1. 1. 0. 1. 0. 0. 0. 1. 0. 1. 0. 0.
 0. 1. 0. 1. 0. 1. 0. 0. 0. 1. 1. 0. 0. 1. 0. 0. 0. 1. 0. 0. 0. 1. 1. 0.
 0. 0. 0. 1.]"
50,"1,924,650",0.000000,0.026576,100/100 (100.00%),"[1. 0. 1. 1. 0. 1. 0. 1. 1. 0. 1. 0. 0. 0. 0. 1. 0. 0. 0. 1. 0. 1. 1. 0.
 0. 0. 1. 1. 0. 1. 1. 0. 0. 1. 0. 1. 0. 0. 0. 0. 1. 0. 0. 1. 0. 1. 0. 1.
 1. 0. 0. 1. 1. 0. 0. 0. 0. 0. 0. 1. 1. 0. 0. 0. 0. 1. 0. 1. 0. 1. 1. 0.
 1. 0. 0. 1. 0. 1. 0. 0. 0. 0. 1. 0. 0. 0. 1. 0. 1. 1. 1. 1. 0. 1. 1. 0.
 1. 0. 0. 0.]"
51,"1,926,140",0.000000,0.015626,100/100 (100.00%),"[0. 1. 1. 0. 0. 1. 1. 0. 1. 1. 1. 0. 0. 1. 1. 0. 0. 1. 0. 0. 1. 0. 1. 0.
 0. 1. 0. 1. 0. 0. 0. 0. 1. 0. 0. 1. 0. 0. 1. 1. 1. 1. 0. 1. 1. 0. 1. 1.
 0. 0. 0. 0. 1. 0. 0. 1. 0. 0. 0. 0. 1. 0. 1. 0. 0. 1. 0. 1. 1. 0. 1. 0.
 0. 1. 1. 0. 0. 0. 0. 1. 0. 0. 0. 0. 0. 1. 0. 1. 0. 1. 0. 0. 1. 1. 0. 1.
 0. 1. 0. 0.]"
52,"1,937,448",0.000000,0.031269,100/100 (100.00%),"[1. 0. 0. 1. 0. 1. 0. 1. 1. 0. 1. 0. 0. 1. 0. 1. 0. 0. 0. 0. 0. 1. 1. 0.
 1. 0. 1. 1. 0. 0. 0. 0. 0. 0. 1. 0. 0. 0. 1. 1. 0. 1. 1. 0. 0. 1. 1. 0.
 0. 0. 1. 0. 0. 1. 1. 0. 0. 1. 1. 0. 1. 0. 1. 0. 0. 0. 1. 0. 0. 1. 0. 0.
 1. 0. 1. 0. 1. 0. 0. 1. 1. 1. 0. 0. 1. 0. 0. 1. 1. 0. 0. 0. 1. 1. 0. 1.
 1. 0. 0. 0.]"
53,"1,993,097",0.000000,0.031662,100/100 (100.00%),"[0. 0. 0. 0. 1. 0. 0. 0. 1. 1. 0. 0. 1. 0. 1. 0. 0. 0. 0. 0. 1. 0. 1. 0.
 0. 1. 1. 0. 0. 1. 1. 0. 0. 1. 1. 0. 0. 1. 0. 1. 0. 1. 1. 0. 0. 0. 0. 1.
 0. 0. 1. 0. 0. 0. 0. 1. 1. 0. 1. 1. 1. 0. 0. 1. 1. 0. 0. 1. 0. 0. 0. 1.
 1. 0. 0. 1. 0. 1. 0. 0. 1. 0. 0. 0. 0. 1. 0. 0. 1. 1. 1. 0. 1. 1. 0. 0.
 1. 1. 0. 0.]"
54,"10,033,198",0.000000,0.015645,100/100 (100.00%),"[0. 1. 0. 0. 1. 0. 1. 1. 0. 0. 0. 1. 0. 0. 1. 0. 0. 0. 1. 1. 1. 0. 1. 1.
 0. 1. 1. 0. 0. 0. 1. 0. 0. 0. 1. 0. 0. 1. 1. 0. 0. 0. 0. 0. 1. 0. 0. 0.
 0. 0. 0. 0. 1. 1. 0. 1. 1. 0. 0. 0. 1. 1. 0. 0. 1. 0. 0. 1. 0. 1. 0. 0.
 1. 0. 1. 0. 0. 1. 0. 1. 0. 0. 1. 0. 0. 1. 1. 0. 1. 0. 1. 1. 0. 1. 1. 0.
 0. 0. 1. 0.]"
55,"10,313,326",0.000000,0.015895,100/100 (100.00%),"[1. 0. 1. 1. 0. 0. 1. 1. 0. 1. 1. 0. 0. 0. 1. 0. 0. 0. 0. 1. 0. 0. 1. 0.
 1. 0. 1. 1. 0. 0. 0. 0. 1. 0. 0. 0. 0. 0. 1. 1. 1. 1. 0. 1. 1. 0. 1. 1.
 0. 0. 0. 0. 1. 0. 0. 1. 0. 0. 0. 0. 1. 0. 1. 0. 0. 1. 0. 1. 0. 1. 1. 0.
 0. 1. 1. 0. 0. 1. 0. 1. 0. 1. 1. 0. 0. 1. 1. 0. 1. 0. 0. 0. 0. 1. 1. 0.
 0. 0. 1. 0.]"
56,"10,339,372",0.000000,0.031490,100/100 (100.00%),"[1. 0. 1. 1. 0. 0. 1. 1. 0. 1. 1. 0. 0. 0. 0. 0. 0. 0. 0. 1. 0. 0. 1. 1.
 0. 1. 0. 1. 1. 0. 0. 1. 0. 0. 0. 1. 0. 0. 0. 1. 0. 1. 0. 1. 1. 0. 1. 1.
 0. 1. 1. 0. 1. 0. 0. 1. 0. 0. 0. 0. 1. 0. 1. 0. 0. 1. 0. 1. 1. 0. 0. 0.
 0. 1. 1. 0. 1. 0. 0. 0. 0. 1. 1. 0. 0. 0. 1. 0. 1. 1. 0. 0. 0. 1. 1. 0.
 0. 0. 0. 0.]"
57,"10,344,387",0.000000,0.024356,100/100 (100.00%),"[1. 0. 1. 1. 0. 0. 0. 1. 0. 1. 1. 0. 0. 0. 0. 0. 0. 1. 0. 1. 0. 1. 1. 0.
 0. 1. 1. 0. 0. 0. 1. 0. 0. 1. 1. 0. 0. 1. 1. 0. 1. 0. 0. 0. 0. 1. 1. 0.
 0. 0. 0. 1. 1. 0. 1. 0. 0. 1. 0. 1. 1. 0. 0. 0. 1. 0. 0. 1. 0. 1. 1. 0.
 1. 1. 0. 0. 1. 0. 0. 0. 0. 1. 0. 0. 1. 0. 1. 0. 1. 1. 0. 1. 0. 0. 1. 0.
 0. 0. 0. 0.]"
58,"10,363,429",0.000000,0.016673,100/100 (100.00%),"[0. 0. 0. 0. 1. 0. 1. 1. 0. 1. 1. 1. 0. 0. 1. 0. 0. 0. 0. 1. 0. 0. 1. 1.
 0. 1. 1. 0. 0. 0. 1. 1. 0. 0. 1. 0. 0. 1. 0. 1. 0. 0. 0. 0. 1. 0. 0. 1.
 0. 1. 1. 1. 0. 0. 0. 1. 1. 0. 1. 0. 0. 0. 1. 1. 0. 0. 0. 0. 1. 0. 1. 1.
 0. 0. 0. 0. 1. 1. 0. 1. 0. 0. 1. 1. 0. 1. 0. 0. 0. 1. 1. 1. 0. 0. 0. 1.
 0. 1. 1. 0.]"
59,"10,378,407",0.000000,0.031250,100/100 (100.00%),"[1. 1. 0. 1. 0. 1. 0. 1. 0. 1. 0. 0. 0. 1. 0. 1. 0. 1. 0. 1. 0. 1. 1. 0.
 0. 0. 0. 0. 0. 0. 0. 0. 0. 1. 0. 1. 0. 1. 0. 1. 1. 1. 0. 1. 0. 1. 0. 1.
 0. 1. 0. 0. 1. 0. 1. 0. 1. 0. 1. 0. 0. 0. 1. 0. 1. 0. 1. 0. 1. 0. 1. 1.
 0. 0. 0. 1. 0. 0. 0. 1. 0. 0. 1. 1. 0. 1. 0. 1. 0. 1. 1. 1. 0. 0. 0. 0.
 0. 1. 0. 0.]"
60,"10,394,335",0.000000,0.022327,100/100 (100.00%),"[0. 0. 1. 1. 0. 1. 0. 1. 1. 0. 0. 1. 0. 0. 0. 1. 0. 0. 0. 1. 0. 1. 0. 1.
 1. 0. 1. 1. 0. 1. 1. 0. 1. 0. 0. 1. 0. 0. 1. 0. 1. 0. 1. 0. 0. 1. 0. 0.
 1. 0. 0. 0. 0. 1. 0. 0. 0. 0. 0. 0. 0. 0. 0. 1. 0. 0. 1. 0. 1. 0. 0. 1.
 1. 0. 0. 0. 1. 0. 1. 0. 1. 0. 0. 1. 0. 1. 0. 1. 0. 1. 1. 0. 0. 1. 0. 1.
 0. 1. 0. 1.]"
61,"10,526,628",0.000000,0.019180,100/100 (100.00%),"[1. 0. 0. 0. 0. 0. 0. 1. 0. 0. 1. 0. 0. 0. 1. 0. 0. 1. 0. 1. 0. 1. 1. 0.
 1. 0. 1. 0. 0. 1. 1. 0. 0. 1. 0. 0. 1. 0. 1. 0. 1. 0. 0. 1. 0. 0. 0. 0.
 1. 0. 0. 1. 1. 0. 1. 0. 1. 1. 0. 0. 1. 0. 0. 0. 1. 0. 0. 0. 1. 1. 1. 0.
 1. 1. 0. 0. 1. 1. 0. 0. 0. 0. 0. 0. 1. 0. 0. 0. 1. 0. 0. 1. 1. 0. 1. 0.
 0. 0. 1. 0.]"
62,"10,609,689",0.000000,0.028228,100/100 (100.00%),"[1. 0. 1. 1. 0. 1. 1. 0. 1. 0. 1. 0. 0. 0. 1. 0. 0. 0. 1. 0. 0. 0. 1. 0.
 1. 0. 1. 1. 0. 1. 0. 0. 1. 0. 0. 1. 0. 0. 0. 1. 1. 1. 0. 0. 0. 1. 0. 1.
 1. 0. 0. 0. 0. 0. 0. 0. 1. 0. 0. 0. 1. 1. 0. 1. 1. 0. 1. 0. 1. 1. 0. 0.
 1. 0. 0. 1. 0. 1. 0. 0. 0. 0. 1. 0. 0. 1. 0. 1. 0. 1. 1. 1. 0. 1. 1. 0.
 0. 0. 0. 1.]"
63,"10,622,678",0.000000,0.031269,100/100 (100.00%),"[0. 0. 0. 0. 1. 0. 1. 1. 0. 0. 1. 1. 0. 0. 1. 0. 0. 0. 1. 1. 0. 0. 1. 1.
 0. 1. 1. 0. 0. 0. 0. 1. 0. 0. 1. 0. 0. 1. 0. 1. 0. 1. 0. 0. 1. 0. 0. 1.
 0. 1. 1. 0. 1. 1. 0. 1. 1. 0. 1. 0. 1. 0. 0. 0. 1. 0. 0. 0. 1. 0. 0. 1.
 1. 0. 1. 0. 1. 1. 0. 1. 1. 0. 0. 1. 0. 1. 0. 0. 0. 1. 1. 0. 0. 1. 0. 1.
 0. 1. 1. 0.]"
64,"10,641,615",0.000000,0.031681,100/100 (100.00%),"[0. 1. 0. 0. 0. 1. 1. 0. 0. 0. 0. 1. 0. 1. 1. 0. 0. 1. 1. 0. 0. 0. 0. 0.
 0. 1. 1. 0. 0. 0. 1. 0. 0. 1. 0. 0. 0. 1. 1. 0. 1. 0. 0. 1. 0. 1. 1. 0.
 0. 0. 0. 1. 1. 0. 1. 0. 0. 1. 0. 1. 1. 0. 0. 0. 1. 0. 0. 1. 0. 1. 1. 0.
 1. 1. 0. 1. 1. 0. 1. 0. 0. 0. 0. 0. 1. 0. 0. 0. 1. 0. 0. 1. 1. 0. 1. 0.
 1. 1. 0. 0.]"
65,"10,750,741",0.000000,0.025359,100/100 (100.00%),"[0. 1. 0. 0. 1. 0. 0. 0. 0. 0. 0. 1. 0. 0. 1. 0. 1. 0. 1. 0. 1. 0. 1. 1.
 0. 0. 1. 0. 1. 0. 1. 0. 0. 0. 1. 0. 0. 1. 0. 1. 0. 1. 1. 0. 1. 0. 0. 1.
 0. 1. 1. 0. 0. 1. 0. 0. 1. 0. 1. 0. 1. 0. 0. 1. 0. 0. 1. 0. 1. 0. 0. 1.
 1. 0. 1. 1. 0. 1. 0. 0. 1. 0. 0. 0. 0. 0. 0. 1. 0. 0. 1. 0. 1. 1. 0. 1.
 1. 0. 1. 1.]"
66,"10,810,806",0.000000,0.015638,100/100 (100.00%),"[0. 0. 0. 1. 0. 1. 1. 0. 1. 1. 1. 1. 0. 1. 0. 0. 0. 0. 0. 0. 0. 0. 1. 0.
 0. 1. 1. 0. 0. 1. 1. 0. 1. 0. 1. 0. 0. 1. 0. 1. 1. 0. 0. 0. 1. 0. 0. 1.
 0. 0. 0. 1. 1. 0. 0. 1. 1. 0. 1. 1. 1. 0. 0. 0. 1. 0. 0. 1. 0. 0. 1. 0.
 1. 0. 1. 0. 0. 1. 0. 1. 0. 0. 1. 0. 0. 1. 1. 0. 0. 1. 1. 1. 0. 1. 1. 0.
 0. 1. 1. 0.]"
67,"10,833,774",0.000000,0.016404,100/100 (100.00%),"[0. 1. 0. 1. 0. 1. 0. 1. 1. 0. 0. 1. 0. 1. 0. 1. 0. 0. 0. 0. 1. 0. 0. 0.
 1. 0. 1. 1. 0. 1. 1. 0. 1. 0. 1. 0. 0. 0. 0. 1. 0. 0. 1. 0. 0. 1. 1. 0.
 0. 0. 1. 1. 0. 1. 1. 0. 0. 1. 1. 0. 0. 0. 1. 0. 0. 1. 1. 0. 0. 1. 1. 0.
 1. 0. 1. 0. 0. 0. 0. 1. 1. 0. 0. 0. 1. 0. 0. 1. 1. 0. 0. 1. 1. 0. 0. 1.
 1. 0. 0. 0.]"
68,"10,970,884",0.000000,0.015645,100/100 (100.00%),"[0. 0. 0. 0. 0. 1. 0. 1. 1. 0. 1. 0. 1. 0. 0. 1. 0. 0. 0. 1. 1. 0. 1. 0.
 0. 0. 1. 1. 0. 1. 0. 1. 0. 1. 0. 1. 0. 0. 0. 0. 0. 1. 0. 1. 0. 1. 0. 0.
 1. 1. 1. 0. 1. 0. 0. 0. 1. 1. 0. 0. 1. 0. 1. 0. 0. 1. 0. 0. 0. 0. 0. 0.
 0. 0. 0. 1. 0. 1. 1. 0. 0. 0. 1. 1. 0. 0. 1. 0. 0. 1. 1. 1. 0. 0. 0. 0.
 1. 0. 0. 1.]"
69,"10,999,890",0.000000,0.031250,100/100 (100.00%),"[0. 0. 0. 1. 0. 1. 0. 1. 1. 0. 1. 1. 0. 1. 0. 1. 0. 0. 0. 0. 0. 0. 0. 0.
 1. 0. 1. 1. 0. 0. 0. 0. 1. 0. 1. 0. 0. 0. 1. 1. 0. 0. 1. 0. 0. 1. 1. 0.
 0. 0. 1. 1. 0. 1. 1. 0. 0. 1. 1. 0. 0. 0. 1. 0. 0. 1. 1. 0. 0. 1. 1. 0.
 1. 0. 1. 0. 0. 1. 0. 1. 1. 0. 0. 0. 1. 0. 0. 1. 0. 0. 0. 1. 1. 0. 0. 1.
 1. 0. 1. 1.]"
70,"101,800",0.000000,0.029186,100/100 (100.00%),"[0. 1. 1. 0. 0. 1. 1. 0. 0. 1. 1. 0. 0. 1. 1. 0. 0. 0. 0. 1. 1. 0. 1. 0.
 0. 1. 0. 1. 1. 0. 0. 0. 1. 0. 0. 1. 0. 0. 0. 1. 1. 1. 0. 1. 1. 0. 1. 1.
 0. 1. 0. 0. 1. 0. 0. 1. 0. 0. 0. 0. 1. 0. 1. 0. 0. 1. 0. 0. 0. 1. 1. 0.
 0. 1. 1. 0. 1. 1. 0. 1. 0. 0. 0. 0. 0. 1. 0. 0. 1. 0. 1. 1. 0. 0. 0. 1.
 0. 0. 1. 0.]"
71,"175,061",0.000000,0.018832,100/100 (100.00%),"[1. 0. 1. 0. 0. 1. 1. 0. 1. 0. 1. 0. 1. 0. 0. 0. 0. 0. 1. 0. 0. 1. 0. 1.
 0. 0. 1. 1. 0. 1. 0. 1. 0. 1. 0. 1. 0. 0. 0. 1. 0. 0. 0. 0. 0. 1. 0. 1.
 1. 0. 0. 1. 0. 0. 1. 0. 1. 0. 0. 1. 0. 1. 0. 0. 1. 0. 1. 0. 0. 1. 1. 0.
 1. 1. 0. 1. 0. 0. 0. 0. 1. 0. 0. 0. 0. 1. 0. 0. 1. 1. 0. 1. 1. 0. 0. 0.
 0. 0. 0. 0.]"
72,"2,026,367",0.000000,0.032679,100/100 (100.00%),"[1. 1. 0. 1. 1. 0. 1. 1. 0. 1. 0. 0. 1. 0. 0. 1. 0. 0. 0. 1. 1. 0. 1. 0.
 0. 1. 0. 1. 0. 0. 1. 0. 0. 1. 1. 0. 0. 1. 0. 0. 0. 1. 1. 0. 0. 1. 1. 0.
 1. 1. 0. 0. 0. 1. 1. 0. 0. 0. 0. 0. 0. 1. 1. 0. 0. 1. 1. 0. 1. 1. 0. 0.
 0. 1. 1. 0. 0. 1. 0. 0. 1. 0. 0. 0. 0. 1. 0. 1. 0. 1. 1. 0. 1. 1. 0. 1.
 0. 0. 0. 1.]"
73,"2,027,325",0.000000,0.029852,100/100 (100.00%),"[1. 0. 0. 0. 0. 1. 1. 0. 1. 1. 1. 0. 0. 0. 1. 0. 0. 0. 0. 0. 0. 1. 1. 0.
 1. 0. 1. 1. 0. 1. 1. 0. 0. 1. 0. 1. 0. 0. 0. 1. 1. 0. 0. 1. 0. 1. 0. 1.
 1. 0. 0. 1. 1. 0. 0. 0. 1. 0. 0. 1. 1. 0. 0. 1. 0. 0. 1. 0. 0. 1. 1. 0.
 0. 1. 0. 1. 0. 1. 1. 0. 0. 1. 1. 0. 0. 1. 0. 0. 0. 1. 0. 0. 0. 1. 1. 0.
 1. 1. 0. 1.]"
74,"2,059,511",0.000000,0.014567,100/100 (100.00%),"[0. 0. 0. 0. 1. 0. 0. 1. 1. 0. 1. 0. 0. 0. 1. 0. 1. 0. 0. 1. 1. 0. 1. 1.
 0. 0. 1. 0. 0. 1. 0. 1. 0. 0. 0. 1. 0. 1. 1. 0. 0. 1. 0. 0. 0. 1. 0. 0.
 0. 0. 0. 0. 0. 1. 1. 0. 0. 1. 1. 0. 0. 1. 1. 0. 0. 1. 1. 0. 0. 0. 0. 0.
 0. 1. 1. 0. 0. 1. 1. 0. 0. 1. 1. 0. 0. 1. 1. 0. 0. 1. 0. 0. 0. 1. 1. 0.
 0. 0. 0. 1.]"
75,"2,066,431",0.000000,0.031263,100/100 (100.00%),"[0. 1. 0. 0. 0. 1. 1. 0. 0. 0. 0. 1. 0. 1. 1. 0. 0. 1. 1. 0. 1. 0. 0. 0.
 0. 1. 1. 0. 0. 0. 1. 0. 0. 1. 1. 0. 0. 1. 1. 0. 0. 1. 1. 0. 0. 1. 1. 0.
 0. 0. 0. 0. 0. 1. 1. 0. 0. 1. 1. 0. 0. 1. 1. 0. 0. 1. 1. 0. 0. 1. 1. 0.
 0. 1. 1. 0. 0. 1. 0. 1. 1. 0. 1. 0. 0. 1. 0. 1. 0. 0. 0. 0. 1. 0. 0. 1.
 0. 0. 0. 0.]"
76,"2,069,738",0.000000,0.031249,100/100 (100.00%),"[0. 0. 0. 1. 0. 0. 1. 1. 0. 0. 1. 1. 0. 1. 0. 0. 0. 0. 1. 1. 0. 0. 1. 0.
 1. 0. 1. 1. 0. 0. 1. 0. 1. 0. 1. 0. 0. 0. 1. 1. 1. 0. 0. 0. 0. 0. 0. 0.
 0. 0. 0. 1. 1. 0. 1. 0. 1. 1. 0. 0. 1. 0. 0. 0. 1. 0. 0. 0. 1. 1. 1. 0.
 1. 1. 0. 1. 1. 0. 0. 0. 0. 1. 0. 0. 1. 0. 0. 0. 1. 1. 0. 1. 0. 0. 1. 0.
 1. 1. 0. 0.]"
77,"2,071,193",0.000000,0.023870,100/100 (100.00%),"[1. 0. 0. 1. 0. 1. 1. 0. 0. 0. 1. 0. 0. 1. 0. 0. 0. 1. 1. 0. 0. 1. 1. 0.
 0. 1. 1. 0. 0. 0. 1. 0. 0. 0. 0. 0. 0. 1. 1. 0. 1. 0. 1. 1. 0. 1. 1. 0.
 0. 0. 0. 0. 0. 0. 1. 0. 0. 0. 0. 0. 1. 1. 0. 0. 1. 0. 1. 0. 1. 0. 0. 0.
 1. 1. 0. 0. 1. 0. 1. 0. 1. 0. 0. 0. 0. 1. 0. 1. 0. 1. 1. 0. 1. 1. 0. 1.
 0. 1. 0. 1.]"
78,"2,074,626",0.000000,0.011004,100/100 (100.00%),"[1. 0. 1. 1. 0. 1. 1. 0. 1. 1. 1. 0. 0. 0. 0. 0. 0. 1. 0. 0. 0. 0. 1. 0.
 1. 1. 0. 1. 0. 0. 0. 0. 1. 0. 0. 0. 1. 0. 0. 1. 1. 1. 0. 1. 1. 0. 1. 0.
 0. 1. 0. 0. 0. 0. 0. 0. 0. 0. 1. 0. 1. 1. 0. 0. 0. 1. 1. 0. 1. 0. 0. 0.
 1. 1. 0. 0. 0. 1. 0. 0. 1. 1. 0. 0. 0. 1. 0. 1. 0. 1. 0. 0. 1. 1. 0. 1.
 0. 0. 0. 1.]"
79,"2,091,896",0.000000,0.030250,100/100 (100.00%),"[0. 0. 0. 1. 0. 0. 1. 1. 0. 1. 1. 0. 0. 1. 0. 1. 0. 0. 0. 1. 1. 0. 1. 0.
 0. 1. 0. 1. 1. 0. 0. 0. 1. 0. 0. 0. 1. 0. 0. 0. 1. 1. 0. 1. 1. 0. 1. 0.
 1. 1. 0. 0. 1. 0. 0. 1. 0. 1. 0. 0. 1. 0. 1. 0. 0. 1. 0. 1. 0. 1. 1. 0.
 0. 1. 1. 0. 1. 0. 0. 1. 0. 0. 0. 0. 0. 0. 1. 0. 1. 0. 1. 1. 0. 1. 1. 0.
 0. 0. 1. 0.]"
80,"2,092,744",0.000000,0.026367,100/100 (100.00%),"[0. 1. 0. 1. 0. 1. 0. 0. 1. 1. 0. 1. 0. 1. 0. 1. 0. 1. 0. 0. 1. 0. 0. 0.
 1. 0. 0. 1. 0. 0. 1. 0. 1. 0. 1. 0. 1. 0. 0. 1. 0. 0. 1. 0. 0. 0. 1. 0.
 0. 1. 1. 1. 0. 1. 1. 0. 0. 0. 1. 0. 0. 0. 1. 0. 0. 1. 1. 0. 1. 0. 1. 0.
 1. 0. 1. 0. 0. 1. 0. 1. 1. 0. 0. 0. 1. 0. 0. 1. 0. 1. 0. 1. 1. 0. 0. 1.
 1. 0. 0. 0.]"
81,"2,110,679",0.000000,0.025331,100/100 (100.00%),"[1. 1. 0. 0. 0. 1. 0. 0. 0. 0. 0. 0. 0. 0. 0. 1. 0. 1. 0. 1. 1. 1. 0. 1.
 1. 0. 0. 1. 0. 1. 0. 0. 0. 0. 0. 1. 1. 0. 0. 0. 1. 1. 0. 1. 1. 0. 0. 1.
 1. 0. 0. 0. 0. 0. 0. 1. 0. 0. 0. 1. 1. 1. 0. 0. 0. 1. 0. 1. 0. 1. 0. 0.
 0. 1. 1. 0. 0. 1. 0. 0. 0. 1. 1. 0. 0. 1. 1. 0. 1. 0. 0. 0. 0. 1. 1. 0.
 0. 0. 1. 0.]"
82,"2,136,043",0.000000,0.023816,100/100 (100.00%),"[1. 0. 1. 1. 0. 1. 0. 1. 1. 0. 1. 0. 0. 0. 0. 1. 0. 0. 0. 1. 0. 0. 0. 1.
 1. 0. 1. 1. 0. 1. 0. 1. 1. 0. 0. 1. 0. 0. 1. 0. 0. 0. 0. 0. 0. 1. 0. 0.
 1. 0. 0. 0. 0. 1. 1. 0. 0. 0. 0. 1. 0. 1. 1. 0. 0. 1. 1. 0. 0. 1. 0. 0.
 0. 1. 0. 0. 0. 1. 1. 0. 0. 0. 0. 1. 0. 1. 1. 0. 0. 1. 1. 1. 0. 0. 0. 0.
 0. 0. 0. 1.]"
83,"2,139,118",0.000000,0.025911,100/100 (100.00%),"[1. 0. 1. 0. 1. 0. 0. 0. 1. 1. 1. 0. 1. 0. 1. 0. 1. 1. 0. 0. 0. 1. 0. 0.
 0. 1. 0. 0. 1. 0. 0. 1. 0. 0. 0. 1. 0. 0. 1. 0. 0. 0. 0. 1. 1. 0. 1. 1.
 0. 0. 0. 1. 1. 0. 0. 0. 0. 0. 0. 0. 1. 0. 0. 1. 1. 0. 0. 1. 0. 1. 1. 0.
 1. 0. 0. 1. 0. 1. 0. 1. 0. 0. 1. 0. 0. 1. 0. 0. 1. 0. 1. 1. 0. 1. 1. 0.
 0. 0. 1. 0.]"
84,"2,140,713",0.000000,0.029247,100/100 (100.00%),"[1. 0. 1. 1. 0. 0. 0. 1. 1. 0. 1. 0. 0. 0. 1. 0. 1. 0. 0. 0. 0. 1. 1. 0.
 1. 0. 1. 0. 1. 1. 1. 0. 0. 1. 0. 1. 0. 1. 0. 0. 1. 0. 0. 1. 0. 1. 0. 1.
 0. 0. 0. 1. 1. 0. 1. 0. 1. 0. 1. 0. 1. 0. 0. 0. 1. 0. 1. 0. 1. 0. 1. 0.
 1. 1. 0. 1. 0. 1. 0. 1. 0. 1. 0. 0. 0. 1. 0. 1. 0. 1. 0. 1. 0. 1. 1. 0.
 0. 0. 0. 0.]"
85,"2,154,126",0.000000,0.026043,100/100 (100.00%),"[0. 1. 1. 0. 0. 1. 1. 0. 1. 1. 1. 0. 0. 1. 1. 0. 0. 1. 0. 0. 1. 0. 1. 0.
 0. 1. 0. 1. 0. 1. 0. 0. 1. 0. 0. 1. 0. 0. 0. 1. 1. 1. 0. 1. 1. 0. 0. 1.
 1. 0. 0. 0. 0. 0. 0. 1. 1. 0. 0. 1. 1. 0. 0. 1. 1. 0. 0. 1. 0. 1. 1. 0.
 1. 0. 0. 1. 0. 1. 0. 0. 0. 0. 1. 0. 0. 1. 0. 0. 1. 1. 1. 1. 0. 1. 1. 0.
 0. 0. 0. 0.]"
86,"2,177,447",0.000000,0.026034,100/100 (100.00%),"[1. 0. 0. 0. 0. 1. 1. 0. 1. 1. 1. 0. 0. 1. 1. 0. 0. 1. 0. 0. 0. 1. 1. 0.
 0. 1. 0. 1. 0. 1. 1. 0. 0. 1. 0. 1. 0. 0. 0. 1. 1. 0. 0. 1. 0. 0. 0. 0.
 0. 0. 0. 1. 1. 0. 0. 1. 1. 0. 1. 0. 1. 0. 0. 1. 1. 0. 0. 0. 1. 0. 1. 0.
 1. 0. 0. 0. 1. 1. 0. 1. 0. 0. 1. 0. 1. 0. 0. 0. 0. 1. 1. 1. 0. 0. 1. 0.
 0. 1. 1. 0.]"
87,"2,211,395",0.000000,0.025126,100/100 (100.00%),"[0. 0. 1. 1. 0. 1. 1. 0. 1. 0. 1. 1. 0. 0. 1. 0. 0. 0. 1. 0. 0. 0. 1. 0.
 1. 0. 1. 1. 0. 1. 1. 0. 1. 0. 0. 1. 0. 0. 0. 1. 1. 0. 0. 0. 0. 1. 0. 1.
 1. 0. 0. 1. 1. 0. 0. 0. 0. 0. 0. 0. 1. 0. 0. 0. 1. 0. 1. 0. 0. 0. 1. 0.
 1. 0. 1. 0. 1. 0. 1. 1. 0. 0. 1. 0. 0. 1. 0. 1. 0. 0. 1. 1. 0. 0. 0. 1.
 0. 1. 0. 0.]"
88,"2,254,262",0.000000,0.028312,100/100 (100.00%),"[1. 0. 0. 0. 0. 1. 1. 0. 1. 0. 1. 0. 1. 0. 1. 0. 0. 0. 1. 0. 0. 0. 1. 0.
 1. 0. 1. 1. 0. 1. 1. 1. 0. 1. 0. 1. 0. 0. 0. 1. 0. 0. 0. 1. 0. 1. 0. 1.
 1. 0. 0. 1. 1. 0. 1. 0. 1. 0. 0. 1. 1. 0. 0. 0. 1. 0. 1. 0. 0. 1. 1. 0.
 1. 0. 0. 1. 0. 1. 1. 0. 0. 0. 1. 0. 0. 1. 0. 0. 0. 1. 1. 1. 0. 1. 1. 0.
 1. 1. 0. 1.]"
89,"2,261,898",0.000000,0.023785,100/100 (100.00%),"[1. 1. 0. 1. 1. 0. 1. 1. 0. 1. 0. 0. 1. 0. 0. 0. 0. 0. 0. 1. 1. 0. 1. 0.
 0. 1. 0. 1. 1. 0. 1. 0. 0. 0. 0. 1. 0. 0. 0. 1. 0. 1. 1. 0. 0. 0. 1. 1.
 0. 1. 0. 0. 0. 0. 0. 1. 0. 0. 1. 0. 1. 0. 0. 0. 0. 1. 0. 0. 1. 0. 1. 0.
 0. 1. 1. 0. 1. 1. 0. 1. 0. 0. 0. 0. 0. 1. 0. 0. 0. 1. 0. 0. 1. 1. 0. 1.
 0. 0. 0. 0.]"
90,"2,268,924",0.000000,0.025367,100/100 (100.00%),"[0. 0. 1. 1. 0. 0. 0. 0. 1. 1. 0. 1. 0. 0. 0. 1. 1. 0. 0. 0. 0. 1. 0. 0.
 0. 0. 0. 0. 1. 1. 1. 0. 1. 0. 1. 0. 1. 1. 0. 0. 1. 0. 1. 0. 1. 0. 0. 0.
 1. 1. 0. 0. 0. 0. 0. 0. 1. 1. 0. 0. 1. 0. 1. 0. 1. 0. 0. 0. 1. 1. 1. 0.
 1. 0. 1. 0. 1. 1. 0. 0. 0. 0. 0. 1. 0. 1. 0. 0. 1. 0. 1. 1. 0. 1. 0. 1.
 0. 0. 1. 0.]"
91,"2,270,314",0.000000,0.025319,100/100 (100.00%),"[0. 0. 1. 1. 0. 1. 1. 0. 1. 1. 1. 0. 0. 0. 1. 0. 0. 1. 0. 0. 1. 0. 0. 0.
 1. 0. 0. 1. 0. 1. 0. 0. 0. 0. 0. 1. 0. 0. 0. 1. 0. 0. 1. 1. 0. 1. 0. 1.
 0. 0. 0. 0. 0. 0. 0. 0. 0. 1. 0. 1. 1. 1. 0. 0. 0. 1. 1. 0. 0. 1. 0. 0.
 1. 1. 0. 0. 0. 1. 1. 0. 1. 1. 0. 0. 0. 1. 0. 0. 0. 1. 0. 0. 1. 1. 0. 1.
 0. 0. 0. 1.]"
92,"2,284,997",0.000000,0.027843,100/100 (100.00%),"[0. 0. 0. 0. 0. 1. 0. 0. 1. 0. 0. 1. 1. 0. 0. 1. 0. 0. 1. 0. 0. 0. 0. 1.
 1. 0. 1. 1. 0. 1. 1. 1. 0. 0. 0. 1. 0. 0. 0. 1. 0. 0. 1. 1. 0. 1. 0. 1.
 1. 0. 1. 1. 0. 0. 0. 0. 0. 0. 0. 0. 0. 0. 1. 1. 0. 1. 1. 0. 1. 0. 1. 1.
 0. 0. 0. 0. 0. 0. 1. 0. 0. 0. 1. 1. 0. 1. 0. 1. 0. 1. 1. 1. 0. 0. 0. 1.
 0. 1. 0. 1.]"
93,"2,302,507",0.000000,0.030441,100/100 (100.00%),"[0. 0. 0. 1. 0. 1. 0. 1. 1. 0. 0. 1. 0. 1. 0. 1. 0. 0. 0. 1. 0. 1. 0. 0.
 0. 0. 1. 1. 0. 1. 1. 0. 1. 0. 0. 1. 0. 0. 1. 0. 1. 0. 1. 0. 0. 1. 0. 0.
 1. 0. 0. 0. 0. 1. 1. 0. 0. 0. 0. 1. 1. 0. 0. 0. 0. 1. 1. 0. 0. 1. 1. 0.
 0. 1. 1. 0. 0. 1. 1. 0. 0. 0. 0. 0. 0. 1. 1. 0. 0. 1. 1. 1. 0. 1. 1. 0.
 0. 0. 0. 1.]"
94,"2,347,447",0.000000,0.026704,100/100 (100.00%),"[0. 1. 1. 0. 0. 1. 1. 0. 1. 1. 1. 0. 0. 1. 1. 0. 0. 1. 0. 0. 1. 0. 1. 0.
 0. 1. 0. 1. 0. 1. 0. 0. 1. 0. 0. 1. 0. 0. 0. 1. 1. 1. 0. 1. 1. 0. 0. 1.
 1. 0. 0. 0. 0. 0. 0. 1. 1. 0. 0. 1. 1. 0. 0. 1. 1. 0. 0. 1. 0. 1. 1. 0.
 1. 0. 0. 1. 0. 1. 0. 0. 0. 0. 1. 0. 0. 1. 0. 0. 1. 1. 1. 1. 0. 1. 1. 0.
 0. 0. 0. 0.]"
95,"2,431,982",0.000000,0.019370,100/100 (100.00%),"[1. 1. 0. 1. 1. 0. 1. 1. 0. 1. 0. 0. 0. 0. 0. 1. 0. 0. 0. 1. 0. 1. 1. 0.
 0. 1. 0. 1. 1. 0. 1. 0. 0. 1. 1. 0. 0. 0. 0. 1. 1. 0. 0. 0. 0. 1. 1. 0.
 0. 1. 0. 0. 1. 0. 0. 0. 0. 0. 0. 0. 0. 0. 1. 0. 1. 0. 1. 0. 1. 0. 1. 1.
 0. 0. 1. 0. 1. 0. 1. 0. 0. 0. 0. 1. 0. 1. 0. 1. 0. 1. 1. 1. 0. 1. 0. 1.
 0. 1. 0. 1.]"
96,"2,439,037",0.000000,0.026111,100/100 (100.00%),"[1. 1. 0. 1. 0. 1. 1. 0. 1. 1. 0. 0. 0. 1. 0. 0. 0. 1. 0. 0. 0. 1. 1. 0.
 1. 0. 0. 1. 0. 1. 1. 0. 0. 0. 1. 0. 0. 0. 0. 1. 1. 0. 1. 1. 0. 1. 1. 0.
 0. 0. 0. 0. 0. 0. 0. 0. 0. 1. 1. 0. 0. 1. 1. 0. 0. 1. 1. 0. 0. 1. 1. 0.
 0. 1. 1. 0. 0. 1. 0. 1. 1. 0. 0. 0. 0. 1. 0. 1. 0. 0. 0. 0. 1. 1. 0. 1.
 0. 0. 0. 0.]"
97,"2,463,292",0.000000,0.025554,100/100 (100.00%),"[1. 0. 1. 1. 0. 0. 0. 0. 0. 1. 1. 0. 0. 0. 1. 0. 1. 0. 0. 1. 0. 1. 1. 0.
 1. 0. 1. 0. 0. 0. 0. 0. 0. 1. 0. 1. 0. 1. 0. 1. 1. 1. 0. 1. 0. 1. 0. 1.
 0. 1. 0. 0. 1. 0. 1. 0. 1. 0. 1. 0. 0. 0. 1. 0. 1. 0. 1. 0. 1. 0. 1. 1.
 0. 1. 0. 0. 0. 0. 0. 1. 0. 0. 0. 1. 0. 0. 1. 0. 0. 1. 0. 1. 1. 0. 0. 0.
 1. 0. 0. 0.]"
98,"2,472,188",0.000000,0.029163,100/100 (100.00%),"[1. 0. 1. 0. 1. 0. 0. 1. 0. 0. 1. 0. 1. 0. 1. 0. 0. 1. 0. 1. 0. 1. 0. 1.
 0. 1. 1. 0. 0. 1. 0. 1. 0. 1. 0. 0. 0. 1. 1. 0. 0. 0. 0. 0. 0. 1. 1. 0.
 0. 0. 1. 1. 0. 1. 1. 0. 0. 1. 1. 0. 0. 0. 1. 0. 0. 1. 1. 0. 0. 1. 0. 0.
 1. 0. 1. 0. 0. 0. 0. 1. 1. 1. 0. 0. 1. 0. 0. 0. 1. 0. 0. 0. 1. 1. 0. 1.
 1. 0. 1. 0.]"
99,"2,503,265",0.000000,0.027437,100/100 (100.00%),"[0. 0. 1. 0. 0. 1. 1. 0. 1. 1. 1. 0. 1. 0. 1. 0. 0. 0. 0. 0. 1. 0. 0. 0.
 1. 0. 1. 1. 0. 1. 0. 1. 0. 1. 0. 1. 0. 0. 0. 1. 0. 1. 0. 1. 0. 1. 0. 1.
 1. 0. 1. 0. 1. 0. 1. 0. 1. 0. 0. 1. 1. 0. 1. 0. 1. 0. 1. 0. 0. 1. 0. 1.
 0. 1. 0. 1. 0. 1. 1. 0. 0. 1. 0. 1. 0. 1. 0. 0. 0. 1. 0. 0. 0. 0. 0. 0.
 1. 1. 0. 1.]"
100,"2,554,787",0.000000,0.027020,100/100 (100.00%),"[1. 0. 1. 1. 0. 1. 0. 1. 1. 0. 1. 0. 0. 0. 0. 1. 0. 0. 0. 1. 0. 1. 1. 0.
 1. 0. 1. 1. 0. 1. 1. 0. 0. 0. 1. 0. 0. 0. 1. 0. 1. 0. 1. 1. 0. 1. 1. 0.
 1. 0. 0. 0. 0. 0. 1. 0. 0. 1. 0. 1. 0. 1. 0. 0. 1. 0. 0. 1. 0. 1. 0. 1.
 0. 0. 0. 0. 1. 0. 0. 0. 1. 0. 1. 0. 1. 0. 1. 0. 1. 0. 1. 0. 1. 0. 1. 0.
 0. 0. 1. 0.]"
